INDEX,FILE,DROP,SLICE_START,SLICE_END,NUM_OF_COIL,Memo
0,file_brain_AXFLAIR_200_6002447,,,,16,
1,file_brain_AXFLAIR_200_6002462,,,,16,
2,file_brain_AXFLAIR_200_6002471,,,,16,
3,file_brain_AXFLAIR_200_6002477,,,,16,
4,file_brain_AXFLAIR_200_6002483,,,,20,
5,file_brain_AXFLAIR_200_6002499,,,,18,
6,file_brain_AXFLAIR_200_6002536,,,,16,
7,file_brain_AXFLAIR_200_6002556,,,,20,
8,file_brain_AXFLAIR_200_6002560,,,,20,
9,file_brain_AXFLAIR_200_6002562,,,,20,
10,file_brain_AXFLAIR_200_6002572,,,,16,
11,file_brain_AXFLAIR_200_6002574,,,,16,
12,file_brain_AXFLAIR_200_6002581,,,,20,
13,file_brain_AXFLAIR_200_6002584,,,,20,
14,file_brain_AXFLAIR_200_6002588,,,,20,
15,file_brain_AXFLAIR_200_6002603,,,,16,
16,file_brain_AXFLAIR_200_6002605,,,,20,
17,file_brain_AXFLAIR_200_6002634,,,,20,
18,file_brain_AXFLAIR_200_6002652,,,,16,
19,file_brain_AXFLAIR_200_6002656,,,,16,
20,file_brain_AXFLAIR_201_6002868,,,,20,
21,file_brain_AXFLAIR_201_6002872,,,,16,
22,file_brain_AXFLAIR_201_6002873,,,,16,
23,file_brain_AXFLAIR_201_6002874,,,,16,
24,file_brain_AXFLAIR_201_6002899,,,,20,
25,file_brain_AXFLAIR_201_6002910,,,,12,
26,file_brain_AXFLAIR_201_6002912,,,,20,
27,file_brain_AXFLAIR_201_6002913,,,,20,
28,file_brain_AXFLAIR_201_6002915,,,,16,
29,file_brain_AXFLAIR_201_6002922,,,,16,
30,file_brain_AXFLAIR_201_6002936,,,,16,
31,file_brain_AXFLAIR_201_6002942,,,,16,
32,file_brain_AXFLAIR_201_6002946,,,,20,
33,file_brain_AXFLAIR_201_6002948,,,,16,
34,file_brain_AXFLAIR_201_6002949,,,,16,
35,file_brain_AXFLAIR_201_6002968,,,,16,
36,file_brain_AXFLAIR_201_6002969,,,,20,
37,file_brain_AXFLAIR_201_6002974,,,,20,
38,file_brain_AXFLAIR_201_6002975,,,,16,
39,file_brain_AXFLAIR_201_6002979,,,,20,
40,file_brain_AXFLAIR_201_6002985,,,,20,
41,file_brain_AXFLAIR_201_6002988,,,,20,
42,file_brain_AXFLAIR_201_6003000,,,,16,
43,file_brain_AXFLAIR_201_6003001,,,,16,
44,file_brain_AXFLAIR_201_6003015,,,,16,
45,file_brain_AXFLAIR_201_6003021,,,,16,
46,file_brain_AXFLAIR_201_6003025,,,,20,
47,file_brain_AXFLAIR_202_6000418,,,,16,
48,file_brain_AXFLAIR_202_6000420,,,,16,
49,file_brain_AXFLAIR_202_6000422,,,,16,
50,file_brain_AXFLAIR_202_6000423,,,,16,
51,file_brain_AXFLAIR_202_6000427,,,,16,
52,file_brain_AXFLAIR_202_6000447,,,,20,
53,file_brain_AXFLAIR_202_6000450,,,,20,
54,file_brain_AXFLAIR_202_6000468,,,,16,
55,file_brain_AXFLAIR_202_6000476,,,,20,
56,file_brain_AXFLAIR_202_6000486,,,,16,
57,file_brain_AXFLAIR_202_6000499,,,,20,
58,file_brain_AXFLAIR_202_6000510,,,,16,
59,file_brain_AXFLAIR_202_6000520,,,,16,
60,file_brain_AXFLAIR_202_6000521,,,,16,
61,file_brain_AXFLAIR_202_6000532,,,,20,
62,file_brain_AXFLAIR_202_6000533,,,,16,
63,file_brain_AXFLAIR_202_6000559,,,,16,
64,file_brain_AXFLAIR_202_6000569,,,,16,
65,file_brain_AXFLAIR_202_6000571,,,,16,
66,file_brain_AXFLAIR_202_6000573,,,,20,
67,file_brain_AXFLAIR_202_6000583,,,,20,
68,file_brain_AXFLAIR_202_6000586,,,,16,
69,file_brain_AXFLAIR_203_6000881,,,,4,
70,file_brain_AXFLAIR_203_6000896,,,,4,
71,file_brain_AXFLAIR_203_6000906,,,,4,
72,file_brain_AXFLAIR_203_6000909,,,,4,
73,file_brain_AXFLAIR_203_6000917,,,,6,
74,file_brain_AXFLAIR_203_6000921,,,,4,
75,file_brain_AXFLAIR_203_6000923,,,,4,
76,file_brain_AXFLAIR_203_6000924,,,,4,
77,file_brain_AXFLAIR_203_6000925,,,,4,
78,file_brain_AXFLAIR_203_6000938,,,,4,
79,file_brain_AXFLAIR_203_6000939,,,,4,
80,file_brain_AXFLAIR_203_6000956,,,,4,
81,file_brain_AXFLAIR_203_6000962,,,,5,
82,file_brain_AXFLAIR_205_6000163,,,,20,
83,file_brain_AXFLAIR_206_6000230,,,,20,
84,file_brain_AXFLAIR_206_6000238,,,,20,
85,file_brain_AXFLAIR_206_6000243,,,,20,
86,file_brain_AXFLAIR_206_6000248,,,,16,
87,file_brain_AXFLAIR_206_6000262,,,,20,
88,file_brain_AXFLAIR_209_6001351,,,,14,
89,file_brain_AXFLAIR_209_6001358,,,,14,
90,file_brain_AXFLAIR_209_6001366,,,,12,
91,file_brain_AXFLAIR_209_6001370,,,,12,
92,file_brain_AXFLAIR_209_6001389,,,,12,
93,file_brain_AXFLAIR_209_6001399,,,,14,
94,file_brain_AXFLAIR_209_6001423,,,,12,
95,file_brain_AXFLAIR_210_6001492,,,,20,
96,file_brain_AXFLAIR_210_6001497,,,,16,
97,file_brain_AXFLAIR_210_6001526,,,,16,
98,file_brain_AXFLAIR_210_6001538,,,,16,
99,file_brain_AXFLAIR_210_6001553,,,,16,
100,file_brain_AXFLAIR_210_6001907,,,,16,
101,file_brain_AXFLAIR_210_6001910,,,,20,
102,file_brain_AXFLAIR_210_6001917,,,,20,
103,file_brain_AXFLAIR_210_6001919,,,,16,
104,file_brain_AXFLAIR_210_6001927,,,,16,
105,file_brain_AXFLAIR_210_6001932,,,,20,
106,file_brain_AXFLAIR_210_6001950,,,,16,
107,file_brain_AXT1POST_200_6001976,,,,16,
108,file_brain_AXT1POST_200_6001979,,,,16,
109,file_brain_AXT1POST_200_6001982,,,,16,
110,file_brain_AXT1POST_200_6001988,,,,16,
111,file_brain_AXT1POST_200_6002016,,,,16,
112,file_brain_AXT1POST_200_6002026,,,,16,
113,file_brain_AXT1POST_200_6002027,,,,20,
114,file_brain_AXT1POST_200_6002048,,,,18,
115,file_brain_AXT1POST_200_6002052,,,,16,
116,file_brain_AXT1POST_200_6002059,,,,16,
117,file_brain_AXT1POST_200_6002073,,,,16,
118,file_brain_AXT1POST_200_6002080,,,,16,
119,file_brain_AXT1POST_200_6002084,,,,20,
120,file_brain_AXT1POST_200_6002103,,,,16,
121,file_brain_AXT1POST_200_6002156,,,,20,
122,file_brain_AXT1POST_200_6002170,,,,20,
123,file_brain_AXT1POST_200_6002176,,,,20,
124,file_brain_AXT1POST_200_6002198,,,,20,
125,file_brain_AXT1POST_200_6002200,,,,20,
126,file_brain_AXT1POST_200_6002216,,,,20,
127,file_brain_AXT1POST_200_6002237,,,,20,
128,file_brain_AXT1POST_200_6002248,,,,16,
129,file_brain_AXT1POST_200_6002291,,,,16,
130,file_brain_AXT1POST_200_6002299,,,,12,
131,file_brain_AXT1POST_200_6002326,,,,16,
132,file_brain_AXT1POST_200_6002330,,,,8,
133,file_brain_AXT1POST_200_6002353,,,,16,
134,file_brain_AXT1POST_200_6002355,,,,16,
135,file_brain_AXT1POST_200_6002376,,,,16,
136,file_brain_AXT1POST_200_6002401,,,,16,
137,file_brain_AXT1POST_200_6002404,,,,16,
138,file_brain_AXT1POST_201_6002665,,,,20,
139,file_brain_AXT1POST_201_6002672,,,,20,
140,file_brain_AXT1POST_201_6002675,,,,16,
141,file_brain_AXT1POST_201_6002685,,,,12,
142,file_brain_AXT1POST_201_6002686,,,,20,
143,file_brain_AXT1POST_201_6002687,,,,16,
144,file_brain_AXT1POST_201_6002700,,,,20,
145,file_brain_AXT1POST_201_6002705,,,,16,
146,file_brain_AXT1POST_201_6002732,,,,20,
147,file_brain_AXT1POST_201_6002739,,,,20,
148,file_brain_AXT1POST_201_6002741,,,,20,
149,file_brain_AXT1POST_201_6002743,,,,20,
150,file_brain_AXT1POST_201_6002762,,,,20,
151,file_brain_AXT1POST_201_6002768,,,,16,
152,file_brain_AXT1POST_201_6002785,,,,16,
153,file_brain_AXT1POST_201_6002788,,,,16,
154,file_brain_AXT1POST_201_6002806,,,,16,
155,file_brain_AXT1POST_201_6002842,,,,20,
156,file_brain_AXT1POST_201_6002846,,,,16,
157,file_brain_AXT1POST_201_6002852,,,,16,
158,file_brain_AXT1POST_201_6002870,,,,20,
159,file_brain_AXT1POST_201_6002877,,,,20,
160,file_brain_AXT1POST_201_6002886,,,,20,
161,file_brain_AXT1POST_201_6002890,,,,16,
162,file_brain_AXT1POST_201_6002898,,,,20,
163,file_brain_AXT1POST_201_6002952,,,,20,
164,file_brain_AXT1POST_201_6002989,,,,20,
165,file_brain_AXT1POST_201_6003014,,,,20,
166,file_brain_AXT1POST_201_6003022,,,,20,
167,file_brain_AXT1POST_202_6000280,,,,16,
168,file_brain_AXT1POST_202_6000297,,,,16,
169,file_brain_AXT1POST_202_6000316,,,,20,
170,file_brain_AXT1POST_202_6000323,,,,16,
171,file_brain_AXT1POST_202_6000325,,,,20,
172,file_brain_AXT1POST_202_6000348,,,,16,
173,file_brain_AXT1POST_202_6000350,,,,16,
174,file_brain_AXT1POST_202_6000362,,,,20,
175,file_brain_AXT1POST_202_6000369,,,,16,
176,file_brain_AXT1POST_202_6000381,,,,20,
177,file_brain_AXT1POST_202_6000400,,,,20,
178,file_brain_AXT1POST_202_6000401,,,,20,
179,file_brain_AXT1POST_202_6000406,,,,20,
180,file_brain_AXT1POST_202_6000426,,,,16,
181,file_brain_AXT1POST_202_6000442,,,,16,
182,file_brain_AXT1POST_202_6000484,,,,12,
183,file_brain_AXT1POST_202_6000565,,,,20,
184,file_brain_AXT1POST_202_6000570,,,,16,
185,file_brain_AXT1POST_203_6000596,,,,4,
186,file_brain_AXT1POST_203_6000598,,,,4,
187,file_brain_AXT1POST_203_6000613,,,,4,
188,file_brain_AXT1POST_203_6000617,,,,4,
189,file_brain_AXT1POST_203_6000619,,,,4,
190,file_brain_AXT1POST_203_6000621,,,,4,
191,file_brain_AXT1POST_203_6000623,,,,4,
192,file_brain_AXT1POST_203_6000659,,,,4,
193,file_brain_AXT1POST_203_6000663,,,,4,
194,file_brain_AXT1POST_203_6000678,,,,4,
195,file_brain_AXT1POST_203_6000680,,,,4,
196,file_brain_AXT1POST_203_6000688,,,,4,
197,file_brain_AXT1POST_203_6000694,,,,4,
198,file_brain_AXT1POST_203_6000696,,,,4,
199,file_brain_AXT1POST_203_6000698,,,,4,
200,file_brain_AXT1POST_203_6000702,,,,4,
201,file_brain_AXT1POST_203_6000714,,,,4,
202,file_brain_AXT1POST_203_6000716,,,,4,
203,file_brain_AXT1POST_203_6000733,,,,4,
204,file_brain_AXT1POST_203_6000745,,,,4,
205,file_brain_AXT1POST_203_6000747,,,,4,
206,file_brain_AXT1POST_203_6000757,,,,4,
207,file_brain_AXT1POST_203_6000762,,,,4,
208,file_brain_AXT1POST_203_6000786,,,,4,
209,file_brain_AXT1POST_203_6000788,,,,4,
210,file_brain_AXT1POST_203_6000794,,,,4,
211,file_brain_AXT1POST_203_6000796,,,,4,
212,file_brain_AXT1POST_203_6000804,,,,4,
213,file_brain_AXT1POST_203_6000810,,,,4,
214,file_brain_AXT1POST_203_6000816,,,,4,
215,file_brain_AXT1POST_203_6000818,,,,4,
216,file_brain_AXT1POST_203_6000822,,,,4,
217,file_brain_AXT1POST_203_6000830,,,,4,
218,file_brain_AXT1POST_203_6000838,,,,4,
219,file_brain_AXT1POST_203_6000842,,,,4,
220,file_brain_AXT1POST_203_6000852,,,,4,
221,file_brain_AXT1POST_203_6000857,,,,4,
222,file_brain_AXT1POST_203_6000859,,,,4,
223,file_brain_AXT1POST_203_6000863,,,,4,
224,file_brain_AXT1POST_203_6000865,,,,4,
225,file_brain_AXT1POST_203_6000874,,,,4,
226,file_brain_AXT1POST_203_6000892,,,,4,
227,file_brain_AXT1POST_203_6000943,,,,4,
228,file_brain_AXT1POST_205_2050004,,,,16,
229,file_brain_AXT1POST_205_2050016,,,,16,
230,file_brain_AXT1POST_205_2050017,,,,20,
231,file_brain_AXT1POST_205_2050032,,,,16,
232,file_brain_AXT1POST_205_2050039,,,,16,
233,file_brain_AXT1POST_205_2050051,,,,20,
234,file_brain_AXT1POST_205_2050057,,,,16,
235,file_brain_AXT1POST_205_2050067,,,,16,
236,file_brain_AXT1POST_205_2050092,,,,20,
237,file_brain_AXT1POST_205_2050116,,,,20,
238,file_brain_AXT1POST_205_2050142,,,,16,
239,file_brain_AXT1POST_205_2050164,,,,20,
240,file_brain_AXT1POST_205_2050166,,,,20,
241,file_brain_AXT1POST_205_2050207,,,,16,
242,file_brain_AXT1POST_205_2050228,,,,16,
243,file_brain_AXT1POST_205_6000015,,,,20,
244,file_brain_AXT1POST_205_6000029,,,,20,
245,file_brain_AXT1POST_205_6000044,,,,20,
246,file_brain_AXT1POST_205_6000065,,,,20,
247,file_brain_AXT1POST_205_6000071,,,,16,
248,file_brain_AXT1POST_205_6000081,,,,20,
249,file_brain_AXT1POST_205_6000087,,,,20,
250,file_brain_AXT1POST_205_6000090,,,,20,
251,file_brain_AXT1POST_205_6000120,,,,16,
252,file_brain_AXT1POST_205_6000151,,,,16,
253,file_brain_AXT1POST_205_6000156,,,,18,
254,file_brain_AXT1POST_205_6000158,,,,16,
255,file_brain_AXT1POST_206_6000209,,,,16,
256,file_brain_AXT1POST_207_2070005,,,,4,
257,file_brain_AXT1POST_207_2070047,,,,4,
258,file_brain_AXT1POST_207_2070050,,,,5,
259,file_brain_AXT1POST_207_2070061,,,,4,
260,file_brain_AXT1POST_207_2070067,,,,6,
261,file_brain_AXT1POST_207_2070076,,,,4,
262,file_brain_AXT1POST_207_2070093,,,,4,
263,file_brain_AXT1POST_207_2070130,,,,4,
264,file_brain_AXT1POST_207_2070170,,,,4,
265,file_brain_AXT1POST_207_2070183,,,,4,
266,file_brain_AXT1POST_207_2070186,,,,4,
267,file_brain_AXT1POST_207_2070189,,,,4,
268,file_brain_AXT1POST_207_2070206,,,,4,
269,file_brain_AXT1POST_207_2070213,,,,5,
270,file_brain_AXT1POST_207_2070218,,,,4,
271,file_brain_AXT1POST_207_2070230,,,,4,
272,file_brain_AXT1POST_207_2070238,,,,4,
273,file_brain_AXT1POST_207_2070246,,,,4,
274,file_brain_AXT1POST_207_2070267,,,,4,
275,file_brain_AXT1POST_207_2070291,,,,4,
276,file_brain_AXT1POST_207_2070299,,,,4,
277,file_brain_AXT1POST_207_2070304,,,,4,
278,file_brain_AXT1POST_207_2070336,,,,4,
279,file_brain_AXT1POST_207_2070345,,,,4,
280,file_brain_AXT1POST_207_2070347,,,,4,
281,file_brain_AXT1POST_207_2070353,,,,4,
282,file_brain_AXT1POST_207_2070375,,,,4,
283,file_brain_AXT1POST_207_2070391,,,,4,
284,file_brain_AXT1POST_207_2070399,,,,4,
285,file_brain_AXT1POST_207_2070412,,,,4,
286,file_brain_AXT1POST_207_2070429,,,,4,
287,file_brain_AXT1POST_207_2070539,,,,4,
288,file_brain_AXT1POST_207_2070556,,,,4,
289,file_brain_AXT1POST_207_2070589,,,,4,
290,file_brain_AXT1POST_207_2070603,,,,4,
291,file_brain_AXT1POST_207_2070666,,,,4,
292,file_brain_AXT1POST_207_2070667,,,,4,
293,file_brain_AXT1POST_207_2070691,,,,4,
294,file_brain_AXT1POST_207_2070696,,,,4,
295,file_brain_AXT1POST_207_2070737,,,,4,
296,file_brain_AXT1POST_207_2070754,,,,4,
297,file_brain_AXT1POST_207_2070758,,,,4,
298,file_brain_AXT1POST_207_2070760,,,,4,
299,file_brain_AXT1POST_207_2070784,,,,4,
300,file_brain_AXT1POST_207_2070785,,,,4,
301,file_brain_AXT1POST_207_2070794,,,,4,
302,file_brain_AXT1POST_207_2070801,,,,4,
303,file_brain_AXT1POST_207_2070817,,,,4,
304,file_brain_AXT1POST_208_2080025,,,,4,
305,file_brain_AXT1POST_208_2080028,,,,4,
306,file_brain_AXT1POST_208_2080044,,,,4,
307,file_brain_AXT1POST_208_2080048,,,,4,
308,file_brain_AXT1POST_208_2080068,,,,4,
309,file_brain_AXT1POST_208_2080086,,,,4,
310,file_brain_AXT1POST_208_2080090,,,,4,
311,file_brain_AXT1POST_208_2080094,,,,4,
312,file_brain_AXT1POST_208_2080107,,,,4,
313,file_brain_AXT1POST_208_2080118,,,,4,
314,file_brain_AXT1POST_208_2080133,,,,4,
315,file_brain_AXT1POST_208_2080153,,,,4,
316,file_brain_AXT1POST_208_2080165,,,,4,
317,file_brain_AXT1POST_208_2080169,,,,4,
318,file_brain_AXT1POST_208_2080171,,,,4,
319,file_brain_AXT1POST_208_2080189,,,,4,
320,file_brain_AXT1POST_208_2080236,,,,4,
321,file_brain_AXT1POST_208_2080249,,,,4,
322,file_brain_AXT1POST_208_2080256,,,,4,
323,file_brain_AXT1POST_208_2080261,,,,4,
324,file_brain_AXT1POST_208_2080270,,,,4,
325,file_brain_AXT1POST_208_2080278,,,,4,
326,file_brain_AXT1POST_208_2080281,,,,4,
327,file_brain_AXT1POST_208_2080300,,,,4,
328,file_brain_AXT1POST_208_2080311,,,,4,
329,file_brain_AXT1POST_208_2080342,,,,4,
330,file_brain_AXT1POST_208_2080400,,,,4,
331,file_brain_AXT1POST_208_2080411,,,,4,
332,file_brain_AXT1POST_208_2080433,,,,4,
333,file_brain_AXT1POST_208_2080435,,,,4,
334,file_brain_AXT1POST_208_2080456,,,,6,
335,file_brain_AXT1POST_208_2080467,,,,4,
336,file_brain_AXT1POST_208_2080512,,,,4,
337,file_brain_AXT1POST_208_2080514,,,,4,
338,file_brain_AXT1POST_208_2080520,,,,4,
339,file_brain_AXT1POST_208_2080534,,,,4,
340,file_brain_AXT1POST_208_2080550,,,,4,
341,file_brain_AXT1POST_208_2080615,,,,4,
342,file_brain_AXT1POST_208_2080617,,,,4,
343,file_brain_AXT1POST_208_2080632,,,,4,
344,file_brain_AXT1POST_208_2080645,,,,4,
345,file_brain_AXT1POST_208_2080649,,,,4,
346,file_brain_AXT1POST_208_2080684,,,,4,
347,file_brain_AXT1POST_208_2080687,,,,4,
348,file_brain_AXT1POST_208_2080692,,,,4,
349,file_brain_AXT1POST_208_2080696,,,,4,
350,file_brain_AXT1POST_208_2080708,,,,4,
351,file_brain_AXT1POST_208_2080714,,,,4,
352,file_brain_AXT1POST_208_2080730,,,,4,
353,file_brain_AXT1POST_208_2080732,,,,5,
354,file_brain_AXT1POST_209_6001001,,,,14,
355,file_brain_AXT1POST_209_6001068,,,,14,
356,file_brain_AXT1POST_209_6001081,,,,14,
357,file_brain_AXT1POST_209_6001084,,,,12,
358,file_brain_AXT1POST_209_6001086,,,,14,
359,file_brain_AXT1POST_209_6001120,,,,12,
360,file_brain_AXT1POST_209_6001127,,,,12,
361,file_brain_AXT1POST_209_6001131,,,,14,
362,file_brain_AXT1POST_209_6001134,,,,16,
363,file_brain_AXT1POST_209_6001187,,,,12,
364,file_brain_AXT1POST_209_6001193,,,,14,
365,file_brain_AXT1POST_209_6001196,,,,14,
366,file_brain_AXT1POST_209_6001205,,,,12,
367,file_brain_AXT1POST_209_6001231,,,,12,
368,file_brain_AXT1POST_209_6001245,,,,12,
369,file_brain_AXT1POST_209_6001286,,,,12,
370,file_brain_AXT1POST_209_6001290,,,,14,
371,file_brain_AXT1POST_209_6001291,,,,14,
372,file_brain_AXT1POST_209_6001294,,,,14,
373,file_brain_AXT1POST_209_6001325,,,,14,
374,file_brain_AXT1POST_209_6001445,,,,12,
375,file_brain_AXT1POST_210_6001595,,,,16,
376,file_brain_AXT1POST_210_6001607,,,,20,
377,file_brain_AXT1POST_210_6001609,,,,16,
378,file_brain_AXT1POST_210_6001625,,,,16,
379,file_brain_AXT1POST_210_6001630,,,,16,
380,file_brain_AXT1POST_210_6001649,,,,16,
381,file_brain_AXT1POST_210_6001655,,,,16,
382,file_brain_AXT1POST_210_6001664,,,,16,
383,file_brain_AXT1POST_210_6001685,,,,16,
384,file_brain_AXT1POST_210_6001690,,,,16,
385,file_brain_AXT1POST_210_6001705,,,,20,
386,file_brain_AXT1POST_210_6001732,,,,16,
387,file_brain_AXT1POST_210_6001775,,,,16,
388,file_brain_AXT1POST_210_6001782,,,,12,
389,file_brain_AXT1POST_210_6001802,,,,16,
390,file_brain_AXT1POST_210_6001824,,,,20,
391,file_brain_AXT1POST_210_6001828,,,,20,
392,file_brain_AXT1POST_210_6001862,,,,16,
393,file_brain_AXT1POST_210_6001892,,,,16,
394,file_brain_AXT1PRE_200_6002079,,,,16,
395,file_brain_AXT1PRE_200_6002087,,,,20,
396,file_brain_AXT1PRE_200_6002101,,,,16,
397,file_brain_AXT1PRE_200_6002108,,,,16,
398,file_brain_AXT1PRE_200_6002120,,,,16,
399,file_brain_AXT1PRE_200_6002183,,,,16,
400,file_brain_AXT1PRE_200_6002195,,,,20,
401,file_brain_AXT1PRE_200_6002233,,,,20,
402,file_brain_AXT1PRE_200_6002236,,,,20,
403,file_brain_AXT1PRE_200_6002286,,,,16,
404,file_brain_AXT1PRE_200_6002327,,,,16,
405,file_brain_AXT1PRE_200_6002348,,,,16,
406,file_brain_AXT1PRE_200_6002352,,,,16,
407,file_brain_AXT1PRE_200_6002366,,,,20,
408,file_brain_AXT1PRE_200_6002391,,,,16,
409,file_brain_AXT1PRE_200_6002412,,,,20,
410,file_brain_AXT1PRE_200_6002417,,,,16,
411,file_brain_AXT1PRE_200_6002448,,,,20,
412,file_brain_AXT1PRE_201_6002702,,,,16,
413,file_brain_AXT1PRE_201_6002744,,,,20,
414,file_brain_AXT1PRE_203_6000612,,,,4,
415,file_brain_AXT1PRE_203_6000618,,,,4,
416,file_brain_AXT1PRE_203_6000624,,,,4,
417,file_brain_AXT1PRE_203_6000631,,,,4,
418,file_brain_AXT1PRE_203_6000637,,,,4,
419,file_brain_AXT1PRE_203_6000645,,,,4,
420,file_brain_AXT1PRE_203_6000649,,,,4,
421,file_brain_AXT1PRE_203_6000656,,,,4,
422,file_brain_AXT1PRE_203_6000662,,,,4,
423,file_brain_AXT1PRE_203_6000670,,,,4,
424,file_brain_AXT1PRE_203_6000687,,,,4,
425,file_brain_AXT1PRE_203_6000693,,,,4,
426,file_brain_AXT1PRE_203_6000703,,,,4,
427,file_brain_AXT1PRE_203_6000732,,,,4,
428,file_brain_AXT1PRE_203_6000746,,,,4,
429,file_brain_AXT1PRE_203_6000748,,,,4,
430,file_brain_AXT1PRE_203_6000754,,,,4,
431,file_brain_AXT1PRE_203_6000765,,,,4,
432,file_brain_AXT1PRE_203_6000767,,,,4,
433,file_brain_AXT1PRE_203_6000783,,,,4,
434,file_brain_AXT1PRE_203_6000793,,,,4,
435,file_brain_AXT1PRE_203_6000797,,,,4,
436,file_brain_AXT1PRE_203_6000809,,,,4,
437,file_brain_AXT1PRE_203_6000813,,,,4,
438,file_brain_AXT1PRE_203_6000815,,,,4,
439,file_brain_AXT1PRE_203_6000817,,,,4,
440,file_brain_AXT1PRE_203_6000841,,,,4,
441,file_brain_AXT1PRE_203_6000849,,,,4,
442,file_brain_AXT1PRE_203_6000854,,,,4,
443,file_brain_AXT1PRE_203_6000866,,,,4,
444,file_brain_AXT1PRE_203_6000868,,,,4,
445,file_brain_AXT1PRE_205_6000033,,,,16,
446,file_brain_AXT1PRE_205_6000053,,,,20,
447,file_brain_AXT1PRE_205_6000075,,,,20,
448,file_brain_AXT1PRE_205_6000107,,,,20,
449,file_brain_AXT1PRE_205_6000118,,,,16,
450,file_brain_AXT1PRE_205_6000125,,,,16,
451,file_brain_AXT1PRE_205_6000128,,,,16,
452,file_brain_AXT1PRE_209_6000968,,,,14,
453,file_brain_AXT1PRE_209_6001033,,,,16,
454,file_brain_AXT1PRE_209_6001141,,,,12,
455,file_brain_AXT1PRE_209_6001152,,,,14,
456,file_brain_AXT1PRE_209_6001188,,,,14,
457,file_brain_AXT1PRE_209_6001194,,,,14,
458,file_brain_AXT1PRE_209_6001202,,,,16,
459,file_brain_AXT1PRE_209_6001204,,,,12,
460,file_brain_AXT1PRE_209_6001212,,,,12,
461,file_brain_AXT1PRE_209_6001221,,,,12,
462,file_brain_AXT1PRE_209_6001230,,,,12,
463,file_brain_AXT1PRE_209_6001444,,,,12,
464,file_brain_AXT1PRE_210_6001644,,,,16,
465,file_brain_AXT1PRE_210_6001675,,,,16,
466,file_brain_AXT1PRE_210_6001707,,,,16,
467,file_brain_AXT1PRE_210_6001723,,,,16,
468,file_brain_AXT1PRE_210_6001810,,,,20,
469,file_brain_AXT1PRE_210_6001823,,,,20,
470,file_brain_AXT1PRE_210_6001876,,,,20,
471,file_brain_AXT1_201_6002725,,,,20,
472,file_brain_AXT1_201_6002736,,,,16,
473,file_brain_AXT1_201_6002740,,,,20,
474,file_brain_AXT1_201_6002759,,,,20,
475,file_brain_AXT1_201_6002786,,,,16,
476,file_brain_AXT1_201_6002793,,,,20,
477,file_brain_AXT1_201_6002828,,,,16,
478,file_brain_AXT1_201_6002841,,,,20,
479,file_brain_AXT1_201_6002861,,,,20,
480,file_brain_AXT1_201_6002885,,,,16,
481,file_brain_AXT1_202_2020003,,,,20,
482,file_brain_AXT1_202_2020029,,,,20,
483,file_brain_AXT1_202_2020033,,,,20,
484,file_brain_AXT1_202_2020038,,,,12,
485,file_brain_AXT1_202_2020066,,,,16,
486,file_brain_AXT1_202_2020082,,,,20,
487,file_brain_AXT1_202_2020093,,,,20,
488,file_brain_AXT1_202_2020102,,,,20,
489,file_brain_AXT1_202_2020105,,,,12,
490,file_brain_AXT1_202_2020111,,,,16,
491,file_brain_AXT1_202_2020126,,,,16,
492,file_brain_AXT1_202_2020129,,,,20,
493,file_brain_AXT1_202_2020158,,,,16,
494,file_brain_AXT1_202_2020181,,,,20,
495,file_brain_AXT1_202_2020188,,,,16,
496,file_brain_AXT1_202_2020194,,,,20,
497,file_brain_AXT1_202_2020197,,,,20,
498,file_brain_AXT1_202_2020215,,,,20,
499,file_brain_AXT1_202_2020228,,,,12,
500,file_brain_AXT1_202_2020241,,,,20,
501,file_brain_AXT1_202_2020270,,,,12,
502,file_brain_AXT1_202_2020281,,,,16,
503,file_brain_AXT1_202_2020283,,,,20,
504,file_brain_AXT1_202_2020287,,,,20,
505,file_brain_AXT1_202_2020302,,,,20,
506,file_brain_AXT1_202_2020305,,,,20,
507,file_brain_AXT1_202_2020313,,,,16,
508,file_brain_AXT1_202_2020318,,,,16,
509,file_brain_AXT1_202_2020325,,,,20,
510,file_brain_AXT1_202_2020342,,,,16,
511,file_brain_AXT1_202_2020368,,,,20,
512,file_brain_AXT1_202_2020386,,,,20,
513,file_brain_AXT1_202_2020414,,,,16,
514,file_brain_AXT1_202_2020438,,,,16,
515,file_brain_AXT1_202_2020444,,,,20,
516,file_brain_AXT1_202_2020446,,,,20,
517,file_brain_AXT1_202_2020455,,,,16,
518,file_brain_AXT1_202_2020474,,,,20,
519,file_brain_AXT1_202_2020518,,,,12,
520,file_brain_AXT1_202_2020526,,,,20,
521,file_brain_AXT1_202_2020530,,,,16,
522,file_brain_AXT1_202_2020538,,,,16,
523,file_brain_AXT1_202_2020559,,,,16,
524,file_brain_AXT1_202_2020561,,,,20,
525,file_brain_AXT1_202_2020563,,,,20,
526,file_brain_AXT1_202_2020564,,,,20,
527,file_brain_AXT1_202_2020567,,,,20,
528,file_brain_AXT1_202_2020576,,,,20,
529,file_brain_AXT1_202_2020581,,,,16,
530,file_brain_AXT1_202_2020589,,,,20,
531,file_brain_AXT1_202_2020590,,,,16,
532,file_brain_AXT1_202_2120021,,,,16,
533,file_brain_AXT1_202_2120022,,,,20,
534,file_brain_AXT1_202_6000292,,,,16,
535,file_brain_AXT1_202_6000296,,,,16,
536,file_brain_AXT1_202_6000299,,,,16,
537,file_brain_AXT1_202_6000303,,,,16,
538,file_brain_AXT1_202_6000308,,,,16,
539,file_brain_AXT1_202_6000315,,,,20,
540,file_brain_AXT1_202_6000326,,,,20,
541,file_brain_AXT1_202_6000333,,,,20,
542,file_brain_AXT1_202_6000336,,,,16,
543,file_brain_AXT1_202_6000372,,,,20,
544,file_brain_AXT1_202_6000389,,,,16,
545,file_brain_AXT1_202_6000392,,,,20,
546,file_brain_AXT1_202_6000416,,,,20,
547,file_brain_AXT1_202_6000432,,,,16,
548,file_brain_AXT1_202_6000434,,,,16,
549,file_brain_AXT1_202_6000451,,,,20,
550,file_brain_AXT1_202_6000470,,,,16,
551,file_brain_AXT1_202_6000500,,,,20,
552,file_brain_AXT1_202_6000503,,,,20,
553,file_brain_AXT1_202_6000505,,,,16,
554,file_brain_AXT1_202_6000515,,,,20,
555,file_brain_AXT1_202_6000518,,,,20,
556,file_brain_AXT1_202_6000537,,,,12,
557,file_brain_AXT1_202_6000564,,,,20,
558,file_brain_AXT1_202_6000577,,,,16,
559,file_brain_AXT1_202_6000587,,,,16,
560,file_brain_AXT1_202_6000591,,,,20,
561,file_brain_AXT1_206_2060024,,,,20,
562,file_brain_AXT1_206_2060056,,,,16,
563,file_brain_AXT2_200_2000019,,,,16,
564,file_brain_AXT2_200_2000021,,,,16,
565,file_brain_AXT2_200_2000022,0,,,20,
566,file_brain_AXT2_200_2000024,,,,16,
567,file_brain_AXT2_200_2000031,,,,16,
568,file_brain_AXT2_200_2000045,,,,16,
569,file_brain_AXT2_200_2000069,,,,16,
570,file_brain_AXT2_200_2000078,,,,16,
571,file_brain_AXT2_200_2000082,0,,,20,
572,file_brain_AXT2_200_2000084,0,,,20,
573,file_brain_AXT2_200_2000093,,,,16,
574,file_brain_AXT2_200_2000103,,,,16,
575,file_brain_AXT2_200_2000130,,,,16,
576,file_brain_AXT2_200_2000133,,,,16,
577,file_brain_AXT2_200_2000159,0,,,20,
578,file_brain_AXT2_200_2000160,0,,,20,
579,file_brain_AXT2_200_2000161,0,,,20,
580,file_brain_AXT2_200_2000169,0,,,20,
581,file_brain_AXT2_200_2000177,,,,16,
582,file_brain_AXT2_200_2000179,0,,,20,
583,file_brain_AXT2_200_2000182,,,,16,
584,file_brain_AXT2_200_2000185,,,,16,
585,file_brain_AXT2_200_2000195,,,,16,
586,file_brain_AXT2_200_2000213,0,,,20,
587,file_brain_AXT2_200_2000223,,,,16,
588,file_brain_AXT2_200_2000226,0,,,20,
589,file_brain_AXT2_200_2000248,0,,,20,
590,file_brain_AXT2_200_2000250,1,,,20,
591,file_brain_AXT2_200_2000256,,,,16,
592,file_brain_AXT2_200_2000257,0,,,20,
593,file_brain_AXT2_200_2000264,,,,16,
594,file_brain_AXT2_200_2000270,0,,,20,
595,file_brain_AXT2_200_2000300,,,,16,
596,file_brain_AXT2_200_2000309,,,,16,
597,file_brain_AXT2_200_2000314,,,,16,
598,file_brain_AXT2_200_2000327,0,,,20,
599,file_brain_AXT2_200_2000337,0,,,20,
600,file_brain_AXT2_200_2000340,,,,16,
601,file_brain_AXT2_200_2000345,,,,16,
602,file_brain_AXT2_200_2000349,,,,16,
603,file_brain_AXT2_200_2000350,,,,16,
604,file_brain_AXT2_200_2000358,,,,16,
605,file_brain_AXT2_200_2000371,0,,,20,
606,file_brain_AXT2_200_2000377,,,,16,
607,file_brain_AXT2_200_2000389,0,,,20,
608,file_brain_AXT2_200_2000392,,,,16,
609,file_brain_AXT2_200_2000396,,,,16,
610,file_brain_AXT2_200_2000402,,,,16,
611,file_brain_AXT2_200_2000405,,,,16,
612,file_brain_AXT2_200_2000414,,,,16,
613,file_brain_AXT2_200_2000433,0,,,20,
614,file_brain_AXT2_200_2000439,0,,,20,
615,file_brain_AXT2_200_2000442,,,,16,
616,file_brain_AXT2_200_2000464,,,,16,
617,file_brain_AXT2_200_2000487,,,,16,
618,file_brain_AXT2_200_2000500,0,,,20,
619,file_brain_AXT2_200_2000501,,,,16,
620,file_brain_AXT2_200_2000510,,,,16,
621,file_brain_AXT2_200_2000514,,,,16,
622,file_brain_AXT2_200_2000519,,,,16,
623,file_brain_AXT2_200_2000531,,,,16,
624,file_brain_AXT2_200_2000544,,,,16,
625,file_brain_AXT2_200_2000556,,,,16,
626,file_brain_AXT2_200_2000568,,,,16,
627,file_brain_AXT2_200_2000572,,,,16,
628,file_brain_AXT2_200_2000573,,,,16,
629,file_brain_AXT2_200_2000577,,,,16,
630,file_brain_AXT2_200_2000583,,,,16,
631,file_brain_AXT2_200_2000590,0,,,20,
632,file_brain_AXT2_200_2000603,,,,16,
633,file_brain_AXT2_200_2000612,0,,,20,
634,file_brain_AXT2_200_2000617,0,,,20,
635,file_brain_AXT2_200_2000618,,,,16,
636,file_brain_AXT2_200_2000628,,,,16,
637,file_brain_AXT2_200_2000632,,,,16,
638,file_brain_AXT2_200_2000635,0,,,20,
639,file_brain_AXT2_200_2000638,,,,16,
640,file_brain_AXT2_200_2000641,,,,16,
641,file_brain_AXT2_200_6001966,0,,,20,
642,file_brain_AXT2_200_6001989,,,,16,
643,file_brain_AXT2_200_6002001,,,,16,
644,file_brain_AXT2_200_6002002,0,,,20,
645,file_brain_AXT2_200_6002020,,,,16,
646,file_brain_AXT2_200_6002022,0,,,20,
647,file_brain_AXT2_200_6002045,,,,16,
648,file_brain_AXT2_200_6002058,,,,16,
649,file_brain_AXT2_200_6002063,0,,,20,
650,file_brain_AXT2_200_6002083,0,,,20,
651,file_brain_AXT2_200_6002090,0,,,20,
652,file_brain_AXT2_200_6002098,0,,,20,
653,file_brain_AXT2_200_6002105,,,,16,
654,file_brain_AXT2_200_6002135,,,,16,
655,file_brain_AXT2_200_6002148,,,,16,
656,file_brain_AXT2_200_6002172,,,,16,
657,file_brain_AXT2_200_6002173,0,,,20,
658,file_brain_AXT2_200_6002181,0,,,20,
659,file_brain_AXT2_200_6002187,,,,16,
660,file_brain_AXT2_200_6002191,,,,16,
661,file_brain_AXT2_200_6002193,0,,,20,
662,file_brain_AXT2_200_6002208,,,,16,
663,file_brain_AXT2_200_6002217,,,,16,
664,file_brain_AXT2_200_6002219,0,,,20,
665,file_brain_AXT2_200_6002225,,,,16,
666,file_brain_AXT2_200_6002244,0,,,20,
667,file_brain_AXT2_200_6002253,,,,16,
668,file_brain_AXT2_200_6002266,,,,16,
669,file_brain_AXT2_200_6002269,,,,16,
670,file_brain_AXT2_200_6002274,,,,16,
671,file_brain_AXT2_200_6002278,0,,,20,
672,file_brain_AXT2_200_6002301,0,,,20,
673,file_brain_AXT2_200_6002320,,,,16,
674,file_brain_AXT2_200_6002329,,,,16,
675,file_brain_AXT2_200_6002351,,,,16,
676,file_brain_AXT2_200_6002357,,,,16,
677,file_brain_AXT2_200_6002359,,,,16,
678,file_brain_AXT2_200_6002365,,,,16,
679,file_brain_AXT2_200_6002379,,,,16,
680,file_brain_AXT2_200_6002414,0,,,20,
681,file_brain_AXT2_200_6002419,,,,16,
682,file_brain_AXT2_200_6002453,0,,,20,
683,file_brain_AXT2_200_6002457,,,,16,
684,file_brain_AXT2_200_6002459,,,,16,
685,file_brain_AXT2_200_6002478,0,,,20,
686,file_brain_AXT2_200_6002484,0,,,20,
687,file_brain_AXT2_200_6002485,,,,16,
688,file_brain_AXT2_200_6002504,1,,,20,
689,file_brain_AXT2_200_6002505,,,,16,
690,file_brain_AXT2_200_6002509,,,,16,
691,file_brain_AXT2_200_6002519,0,,,20,
692,file_brain_AXT2_200_6002526,,,,16,
693,file_brain_AXT2_200_6002540,,,,16,
694,file_brain_AXT2_200_6002552,0,,,20,
695,file_brain_AXT2_200_6002555,0,,,20,
696,file_brain_AXT2_200_6002559,0,,,20,
697,file_brain_AXT2_200_6002565,,,,16,
698,file_brain_AXT2_200_6002573,,,,16,
699,file_brain_AXT2_200_6002575,0,,,20,
700,file_brain_AXT2_200_6002577,0,,,20,
701,file_brain_AXT2_200_6002578,0,,,20,
702,file_brain_AXT2_200_6002592,0,,,20,
703,file_brain_AXT2_200_6002607,0,,,20,
704,file_brain_AXT2_200_6002620,,,,16,
705,file_brain_AXT2_200_6002636,,,,16,
706,file_brain_AXT2_200_6002654,,,,16,
707,file_brain_AXT2_200_6002657,0,,,20,
708,file_brain_AXT2_201_2010010,1,,,20,
709,file_brain_AXT2_201_2010037,0,,,20,
710,file_brain_AXT2_201_2010062,,,,10,
711,file_brain_AXT2_201_2010064,,,,16,
712,file_brain_AXT2_201_2010066,,,,16,
713,file_brain_AXT2_201_2010069,0,,,20,
714,file_brain_AXT2_201_2010074,0,,,20,
715,file_brain_AXT2_201_2010082,,,,16,
716,file_brain_AXT2_201_2010084,0,,,20,
717,file_brain_AXT2_201_2010106,,,,16,
718,file_brain_AXT2_201_2010117,1,,,20,
719,file_brain_AXT2_201_2010129,,,,16,
720,file_brain_AXT2_201_2010131,,,,16,
721,file_brain_AXT2_201_2010138,,,,16,
722,file_brain_AXT2_201_2010144,0,,,20,
723,file_brain_AXT2_201_2010147,,,,16,
724,file_brain_AXT2_201_2010159,0,,,20,
725,file_brain_AXT2_201_2010167,1,,,20,
726,file_brain_AXT2_201_2010184,0,,,20,
727,file_brain_AXT2_201_2010185,0,,,20,
728,file_brain_AXT2_201_2010192,0,,,20,
729,file_brain_AXT2_201_2010198,,,,16,
730,file_brain_AXT2_201_2010200,,,,16,
731,file_brain_AXT2_201_2010209,0,,,20,
732,file_brain_AXT2_201_2010220,0,,,20,
733,file_brain_AXT2_201_2010225,,,,16,
734,file_brain_AXT2_201_2010232,,,,16,
735,file_brain_AXT2_201_2010246,,,,16,
736,file_brain_AXT2_201_2010249,,,,16,
737,file_brain_AXT2_201_2010253,,,,16,
738,file_brain_AXT2_201_2010258,,,,16,
739,file_brain_AXT2_201_2010270,0,,,20,
740,file_brain_AXT2_201_2010272,,,,12,
741,file_brain_AXT2_201_2010278,0,,,20,
742,file_brain_AXT2_201_2010294,0,,,20,
743,file_brain_AXT2_201_2010304,0,,,20,
744,file_brain_AXT2_201_2010308,0,,,20,
745,file_brain_AXT2_201_2010310,0,,,20,
746,file_brain_AXT2_201_2010312,,,,16,
747,file_brain_AXT2_201_2010327,1,,,20,
748,file_brain_AXT2_201_2010343,,,,10,
749,file_brain_AXT2_201_2010368,,,,16,
750,file_brain_AXT2_201_2010372,0,,,20,
751,file_brain_AXT2_201_2010375,,,,16,
752,file_brain_AXT2_201_2010378,0,,,20,
753,file_brain_AXT2_201_2010391,,,,16,
754,file_brain_AXT2_201_2010393,0,,,20,
755,file_brain_AXT2_201_2010417,,,,16,
756,file_brain_AXT2_201_2010458,,,,16,
757,file_brain_AXT2_201_2010461,,,,16,
758,file_brain_AXT2_201_2010464,0,,,20,
759,file_brain_AXT2_201_2010470,0,,,20,
760,file_brain_AXT2_201_2010484,0,,,20,
761,file_brain_AXT2_201_2010503,,,,16,
762,file_brain_AXT2_201_2010504,0,,,20,
763,file_brain_AXT2_201_2010527,0,,,20,
764,file_brain_AXT2_201_2010530,,,,16,
765,file_brain_AXT2_201_2010533,0,,,20,
766,file_brain_AXT2_201_2010540,,,,12,
767,file_brain_AXT2_201_2010545,,,,16,
768,file_brain_AXT2_201_2010549,0,,,20,
769,file_brain_AXT2_201_2010552,1,,,20,
770,file_brain_AXT2_201_2010559,,,,12,
771,file_brain_AXT2_201_2010561,0,,,20,
772,file_brain_AXT2_201_2010574,0,,,20,
773,file_brain_AXT2_201_2010606,1,,,20,MA
774,file_brain_AXT2_201_2010615,,,,16,
775,file_brain_AXT2_202_2020010,,,,16,
776,file_brain_AXT2_202_2020013,0,,,20,
777,file_brain_AXT2_202_2020021,0,,,20,
778,file_brain_AXT2_202_2020040,0,,,20,
779,file_brain_AXT2_202_2020043,0,,,20,
780,file_brain_AXT2_202_2020054,,,,16,
781,file_brain_AXT2_202_2020088,0,,,20,
782,file_brain_AXT2_202_2020104,,,,10,
783,file_brain_AXT2_202_2020110,0,,,20,
784,file_brain_AXT2_202_2020112,0,,,20,
785,file_brain_AXT2_202_2020130,,,,12,
786,file_brain_AXT2_202_2020132,1,,,20,
787,file_brain_AXT2_202_2020138,,,,16,
788,file_brain_AXT2_202_2020140,,,,12,
789,file_brain_AXT2_202_2020142,,,,12,
790,file_brain_AXT2_202_2020145,0,,,20,
791,file_brain_AXT2_202_2020147,,,,16,
792,file_brain_AXT2_202_2020152,0,,,20,
793,file_brain_AXT2_202_2020165,,,,16,
794,file_brain_AXT2_202_2020171,,,,16,
795,file_brain_AXT2_202_2020177,1,,,20,
796,file_brain_AXT2_202_2020193,1,,,20,MA
797,file_brain_AXT2_202_2020200,,,,16,
798,file_brain_AXT2_202_2020201,,,,16,
799,file_brain_AXT2_202_2020220,0,,,20,
800,file_brain_AXT2_202_2020227,,,,12,
801,file_brain_AXT2_202_2020231,0,,,20,
802,file_brain_AXT2_202_2020244,,,,12,
803,file_brain_AXT2_202_2020249,0,,,20,
804,file_brain_AXT2_202_2020251,,,,16,
805,file_brain_AXT2_202_2020257,1,,,20,MA
806,file_brain_AXT2_202_2020276,0,,,20,
807,file_brain_AXT2_202_2020296,,,,16,
808,file_brain_AXT2_202_2020306,0,,,20,
809,file_brain_AXT2_202_2020311,,,,12,
810,file_brain_AXT2_202_2020317,,,,16,
811,file_brain_AXT2_202_2020322,1,,,20,Bit Noisy
812,file_brain_AXT2_202_2020324,,,,16,
813,file_brain_AXT2_202_2020343,,,,16,
814,file_brain_AXT2_202_2020387,,,,16,
815,file_brain_AXT2_202_2020390,0,,,20,
816,file_brain_AXT2_202_2020406,,,,16,
817,file_brain_AXT2_202_2020413,0,,,20,
818,file_brain_AXT2_202_2020423,,,,16,
819,file_brain_AXT2_202_2020436,,,,16,
820,file_brain_AXT2_202_2020439,0,,,20,
821,file_brain_AXT2_202_2020442,0,,,20,
822,file_brain_AXT2_202_2020445,0,,,20,
823,file_brain_AXT2_202_2020449,,,,16,
824,file_brain_AXT2_202_2020459,0,,,20,
825,file_brain_AXT2_202_2020470,0,,,20,Bit Noisy
826,file_brain_AXT2_202_2020473,0,,,20,
827,file_brain_AXT2_202_2020485,1,,,20,Noisy
828,file_brain_AXT2_202_2020522,0,,,20,
829,file_brain_AXT2_202_2020525,0,,,20,
830,file_brain_AXT2_202_2020548,,,,12,
831,file_brain_AXT2_202_2020552,,,,12,
832,file_brain_AXT2_202_2020572,0,,,20,
833,file_brain_AXT2_203_2030010,,,,4,
834,file_brain_AXT2_203_2030014,,,,4,
835,file_brain_AXT2_203_2030027,,,,4,
836,file_brain_AXT2_203_2030032,,,,4,
837,file_brain_AXT2_203_2030039,,,,4,
838,file_brain_AXT2_203_2030053,,,,4,
839,file_brain_AXT2_203_2030059,,,,4,
840,file_brain_AXT2_203_2030063,,,,4,
841,file_brain_AXT2_203_2030100,,,,4,
842,file_brain_AXT2_203_2030102,,,,4,
843,file_brain_AXT2_203_2030103,,,,4,
844,file_brain_AXT2_203_2030106,,,,4,
845,file_brain_AXT2_203_2030114,,,,4,
846,file_brain_AXT2_203_2030119,,,,4,
847,file_brain_AXT2_203_2030127,,,,4,
848,file_brain_AXT2_203_2030138,,,,4,
849,file_brain_AXT2_203_2030141,,,,4,
850,file_brain_AXT2_203_2030153,,,,4,
851,file_brain_AXT2_203_2030155,,,,4,
852,file_brain_AXT2_203_2030157,,,,4,
853,file_brain_AXT2_203_2030167,,,,4,
854,file_brain_AXT2_203_2030169,,,,4,
855,file_brain_AXT2_203_2030173,,,,4,
856,file_brain_AXT2_203_2030186,,,,4,
857,file_brain_AXT2_203_2030192,,,,4,
858,file_brain_AXT2_203_2030215,,,,4,
859,file_brain_AXT2_203_2030225,,,,4,
860,file_brain_AXT2_203_2030231,,,,4,
861,file_brain_AXT2_203_2030237,,,,4,
862,file_brain_AXT2_203_2030250,,,,4,
863,file_brain_AXT2_203_2030264,,,,4,
864,file_brain_AXT2_203_2030268,,,,4,
865,file_brain_AXT2_203_2030272,,,,4,
866,file_brain_AXT2_203_2030274,,,,4,
867,file_brain_AXT2_203_2030284,,,,4,
868,file_brain_AXT2_203_2030286,,,,4,
869,file_brain_AXT2_203_2030306,,,,4,
870,file_brain_AXT2_203_2030309,,,,4,
871,file_brain_AXT2_203_2030311,,,,4,
872,file_brain_AXT2_203_2030313,,,,4,
873,file_brain_AXT2_203_2030321,,,,4,
874,file_brain_AXT2_203_2030325,,,,4,
875,file_brain_AXT2_203_2030331,,,,4,
876,file_brain_AXT2_203_2030337,,,,4,
877,file_brain_AXT2_203_2030348,,,,4,
878,file_brain_AXT2_203_2030356,,,,4,
879,file_brain_AXT2_203_2030359,,,,4,
880,file_brain_AXT2_203_2030361,,,,4,
881,file_brain_AXT2_203_2030363,,,,4,
882,file_brain_AXT2_203_2030375,,,,4,
883,file_brain_AXT2_203_2030395,,,,4,
884,file_brain_AXT2_203_2030399,,,,4,
885,file_brain_AXT2_204_2040004,0,,,20,
886,file_brain_AXT2_204_2040006,,,,16,
887,file_brain_AXT2_204_2040010,0,,,20,
888,file_brain_AXT2_204_2040014,1,,,20,
889,file_brain_AXT2_204_2040018,,,,16,
890,file_brain_AXT2_204_2040029,0,,,20,
891,file_brain_AXT2_204_2040061,1,,,20,MA
892,file_brain_AXT2_204_2040067,,,,16,
893,file_brain_AXT2_204_2040072,,,,16,
894,file_brain_AXT2_204_2040074,0,,,20,
895,file_brain_AXT2_204_2040085,,,,16,
896,file_brain_AXT2_204_2040094,,,,16,
897,file_brain_AXT2_204_2040095,,,,16,
898,file_brain_AXT2_204_2040097,,,,16,
899,file_brain_AXT2_204_2130024,0,,,20,
900,file_brain_AXT2_205_2050006,0,,,20,
901,file_brain_AXT2_205_2050008,0,,,20,
902,file_brain_AXT2_205_2050010,1,,,20,Dark and MA
903,file_brain_AXT2_205_2050024,,,,16,
904,file_brain_AXT2_205_2050048,1,,,20,Bit MA
905,file_brain_AXT2_205_2050056,,,,16,
906,file_brain_AXT2_205_2050069,,,,16,
907,file_brain_AXT2_205_2050074,0,,,20,
908,file_brain_AXT2_205_2050091,0,,,20,
909,file_brain_AXT2_205_2050093,0,,,20,
910,file_brain_AXT2_205_2050106,0,,,20,
911,file_brain_AXT2_205_2050114,0,,,20,
912,file_brain_AXT2_205_2050117,,,,16,
913,file_brain_AXT2_205_2050122,0,,,20,
914,file_brain_AXT2_205_2050128,,,,12,
915,file_brain_AXT2_205_2050155,,,,16,
916,file_brain_AXT2_205_2050157,0,,,20,
917,file_brain_AXT2_205_2050160,0,,,20,
918,file_brain_AXT2_205_2050163,0,,,20,
919,file_brain_AXT2_205_2050175,0,,,20,
920,file_brain_AXT2_205_2050178,,,,16,
921,file_brain_AXT2_205_2050183,,,,16,
922,file_brain_AXT2_205_2050188,0,,,20,
923,file_brain_AXT2_205_2050190,0,,,20,
924,file_brain_AXT2_205_2050200,,,,16,
925,file_brain_AXT2_205_2050211,,,,16,
926,file_brain_AXT2_205_2050217,,,,16,
927,file_brain_AXT2_205_2050231,0,,,20,
928,file_brain_AXT2_205_2050238,0,,,20,
929,file_brain_AXT2_205_2050240,,,,16,
930,file_brain_AXT2_205_2050264,0,,,20,
931,file_brain_AXT2_205_2050268,,,,16,
932,file_brain_AXT2_205_6000003,0,,,20,
933,file_brain_AXT2_205_6000008,0,,,20,
934,file_brain_AXT2_205_6000011,0,,,20,
935,file_brain_AXT2_205_6000020,0,,,20,
936,file_brain_AXT2_205_6000026,,,,16,
937,file_brain_AXT2_205_6000030,0,,,20,
938,file_brain_AXT2_205_6000034,,,,16,
939,file_brain_AXT2_205_6000037,0,,,20,
940,file_brain_AXT2_205_6000043,0,,,20,
941,file_brain_AXT2_205_6000045,,,,18,
942,file_brain_AXT2_205_6000050,,,,16,
943,file_brain_AXT2_205_6000051,,,,16,
944,file_brain_AXT2_205_6000052,,,,16,
945,file_brain_AXT2_205_6000054,1,,,20,Bit MA
946,file_brain_AXT2_205_6000067,,,,16,
947,file_brain_AXT2_205_6000070,,,,16,
948,file_brain_AXT2_205_6000072,0,,,20,
949,file_brain_AXT2_205_6000074,1,,,20,MA
950,file_brain_AXT2_205_6000099,0,,,20,Bit MA
951,file_brain_AXT2_205_6000106,0,,,20,Bit MA
952,file_brain_AXT2_205_6000129,,,,16,
953,file_brain_AXT2_205_6000135,,,,16,
954,file_brain_AXT2_205_6000136,0,,,20,
955,file_brain_AXT2_205_6000144,,,,16,
956,file_brain_AXT2_205_6000150,,,,16,
957,file_brain_AXT2_206_2060008,0,,,20,
958,file_brain_AXT2_206_2060011,0,,,20,
959,file_brain_AXT2_206_2060018,,,,16,
960,file_brain_AXT2_206_2060021,,,,16,
961,file_brain_AXT2_206_2060038,,,,16,
962,file_brain_AXT2_206_2060045,,,,16,
963,file_brain_AXT2_206_2060046,0,,,20,Bit MA
964,file_brain_AXT2_206_2060047,0,,,20,Bit MA
965,file_brain_AXT2_206_2060055,,,,16,
966,file_brain_AXT2_206_6000206,,,,16,
967,file_brain_AXT2_206_6000222,,,,16,
968,file_brain_AXT2_206_6000231,0,,,20,Bit MA
969,file_brain_AXT2_206_6000233,,,,16,
970,file_brain_AXT2_207_2070008,,,,6,
971,file_brain_AXT2_207_2070021,,,,4,
972,file_brain_AXT2_207_2070024,,,,4,
973,file_brain_AXT2_207_2070036,,,,4,
974,file_brain_AXT2_207_2070041,,,,4,
975,file_brain_AXT2_207_2070044,,,,4,
976,file_brain_AXT2_207_2070045,,,,4,
977,file_brain_AXT2_207_2070046,,,,4,
978,file_brain_AXT2_207_2070066,,,,4,
979,file_brain_AXT2_207_2070068,,,,6,
980,file_brain_AXT2_207_2070070,,,,4,
981,file_brain_AXT2_207_2070075,,,,4,
982,file_brain_AXT2_207_2070077,,,,4,
983,file_brain_AXT2_207_2070091,,,,4,
984,file_brain_AXT2_207_2070092,,,,4,
985,file_brain_AXT2_207_2070094,,,,4,
986,file_brain_AXT2_207_2070107,,,,4,
987,file_brain_AXT2_207_2070108,,,,4,
988,file_brain_AXT2_207_2070110,,,,4,
989,file_brain_AXT2_207_2070115,,,,4,
990,file_brain_AXT2_207_2070120,,,,4,
991,file_brain_AXT2_207_2070122,,,,4,
992,file_brain_AXT2_207_2070146,,,,4,
993,file_brain_AXT2_207_2070148,,,,4,
994,file_brain_AXT2_207_2070156,,,,4,
995,file_brain_AXT2_207_2070158,,,,4,
996,file_brain_AXT2_207_2070166,,,,4,
997,file_brain_AXT2_207_2070178,,,,4,
998,file_brain_AXT2_207_2070180,,,,4,
999,file_brain_AXT2_207_2070187,,,,6,
1000,file_brain_AXT2_207_2070188,,,,4,
1001,file_brain_AXT2_207_2070200,,,,4,
1002,file_brain_AXT2_207_2070202,,,,4,
1003,file_brain_AXT2_207_2070217,,,,4,
1004,file_brain_AXT2_207_2070221,,,,4,
1005,file_brain_AXT2_207_2070231,,,,4,
1006,file_brain_AXT2_207_2070232,,,,4,
1007,file_brain_AXT2_207_2070234,,,,4,
1008,file_brain_AXT2_207_2070235,,,,4,
1009,file_brain_AXT2_207_2070239,,,,4,
1010,file_brain_AXT2_207_2070243,,,,4,
1011,file_brain_AXT2_207_2070258,,,,4,
1012,file_brain_AXT2_207_2070265,,,,4,
1013,file_brain_AXT2_207_2070269,,,,4,
1014,file_brain_AXT2_207_2070278,,,,4,
1015,file_brain_AXT2_207_2070282,,,,4,
1016,file_brain_AXT2_207_2070287,,,,4,
1017,file_brain_AXT2_207_2070288,,,,4,
1018,file_brain_AXT2_207_2070295,,,,4,
1019,file_brain_AXT2_207_2070297,,,,4,
1020,file_brain_AXT2_207_2070300,,,,4,
1021,file_brain_AXT2_207_2070316,,,,4,
1022,file_brain_AXT2_207_2070322,,,,4,
1023,file_brain_AXT2_207_2070323,,,,4,
1024,file_brain_AXT2_207_2070328,,,,4,
1025,file_brain_AXT2_207_2070337,,,,4,
1026,file_brain_AXT2_207_2070340,,,,4,
1027,file_brain_AXT2_207_2070344,,,,4,
1028,file_brain_AXT2_207_2070346,,,,4,
1029,file_brain_AXT2_207_2070358,,,,5,
1030,file_brain_AXT2_207_2070368,,,,4,
1031,file_brain_AXT2_207_2070371,,,,4,
1032,file_brain_AXT2_207_2070373,,,,4,
1033,file_brain_AXT2_207_2070377,,,,4,
1034,file_brain_AXT2_207_2070378,,,,5,
1035,file_brain_AXT2_207_2070393,,,,4,
1036,file_brain_AXT2_207_2070396,,,,4,
1037,file_brain_AXT2_207_2070398,,,,4,
1038,file_brain_AXT2_207_2070410,,,,4,
1039,file_brain_AXT2_207_2070419,,,,4,
1040,file_brain_AXT2_207_2070430,,,,4,
1041,file_brain_AXT2_207_2070431,,,,4,
1042,file_brain_AXT2_207_2070432,,,,4,
1043,file_brain_AXT2_207_2070434,,,,4,
1044,file_brain_AXT2_207_2070441,,,,4,
1045,file_brain_AXT2_207_2070443,,,,4,
1046,file_brain_AXT2_207_2070446,,,,4,
1047,file_brain_AXT2_207_2070463,,,,8,
1048,file_brain_AXT2_207_2070470,,,,4,
1049,file_brain_AXT2_207_2070473,,,,4,
1050,file_brain_AXT2_207_2070476,,,,4,
1051,file_brain_AXT2_207_2070478,,,,4,
1052,file_brain_AXT2_207_2070489,,,,4,
1053,file_brain_AXT2_207_2070494,,,,4,
1054,file_brain_AXT2_207_2070507,,,,4,
1055,file_brain_AXT2_207_2070518,,,,4,
1056,file_brain_AXT2_207_2070519,,,,4,
1057,file_brain_AXT2_207_2070534,,,,4,
1058,file_brain_AXT2_207_2070554,,,,4,
1059,file_brain_AXT2_207_2070564,,,,4,
1060,file_brain_AXT2_207_2070568,,,,6,
1061,file_brain_AXT2_207_2070578,,,,4,
1062,file_brain_AXT2_207_2070585,,,,4,
1063,file_brain_AXT2_207_2070587,,,,4,
1064,file_brain_AXT2_207_2070593,,,,4,
1065,file_brain_AXT2_207_2070597,,,,4,
1066,file_brain_AXT2_207_2070598,,,,4,
1067,file_brain_AXT2_207_2070609,,,,4,
1068,file_brain_AXT2_207_2070614,,,,4,
1069,file_brain_AXT2_207_2070617,,,,4,
1070,file_brain_AXT2_207_2070634,,,,4,
1071,file_brain_AXT2_207_2070637,,,,4,
1072,file_brain_AXT2_207_2070645,,,,4,
1073,file_brain_AXT2_207_2070657,,,,4,
1074,file_brain_AXT2_207_2070663,,,,4,
1075,file_brain_AXT2_207_2070672,,,,4,
1076,file_brain_AXT2_207_2070681,,,,4,
1077,file_brain_AXT2_207_2070706,,,,4,
1078,file_brain_AXT2_207_2070714,,,,4,
1079,file_brain_AXT2_207_2070718,,,,4,
1080,file_brain_AXT2_207_2070720,,,,4,
1081,file_brain_AXT2_207_2070723,,,,4,
1082,file_brain_AXT2_207_2070745,,,,4,
1083,file_brain_AXT2_207_2070748,,,,4,
1084,file_brain_AXT2_207_2070752,,,,4,
1085,file_brain_AXT2_207_2070756,,,,4,
1086,file_brain_AXT2_207_2070759,,,,4,
1087,file_brain_AXT2_207_2070789,,,,4,
1088,file_brain_AXT2_207_2070798,,,,4,
1089,file_brain_AXT2_207_2070799,,,,4,
1090,file_brain_AXT2_207_2070803,,,,4,
1091,file_brain_AXT2_207_2070811,,,,4,
1092,file_brain_AXT2_207_2070819,,,,4,
1093,file_brain_AXT2_207_2070831,,,,4,
1094,file_brain_AXT2_208_2080034,,,,5,
1095,file_brain_AXT2_208_2080041,,,,4,
1096,file_brain_AXT2_208_2080058,,,,4,
1097,file_brain_AXT2_208_2080074,,,,4,
1098,file_brain_AXT2_208_2080108,,,,4,
1099,file_brain_AXT2_208_2080125,,,,4,
1100,file_brain_AXT2_208_2080129,,,,4,
1101,file_brain_AXT2_208_2080136,,,,4,
1102,file_brain_AXT2_208_2080144,,,,4,
1103,file_brain_AXT2_208_2080147,,,,6,
1104,file_brain_AXT2_208_2080164,,,,4,
1105,file_brain_AXT2_208_2080191,,,,4,
1106,file_brain_AXT2_208_2080199,,,,6,
1107,file_brain_AXT2_208_2080204,,,,4,
1108,file_brain_AXT2_208_2080226,,,,4,
1109,file_brain_AXT2_208_2080229,,,,4,
1110,file_brain_AXT2_208_2080241,,,,4,
1111,file_brain_AXT2_208_2080243,,,,4,
1112,file_brain_AXT2_208_2080250,,,,4,
1113,file_brain_AXT2_208_2080251,,,,4,
1114,file_brain_AXT2_208_2080253,,,,4,
1115,file_brain_AXT2_208_2080266,,,,4,
1116,file_brain_AXT2_208_2080268,,,,4,
1117,file_brain_AXT2_208_2080271,,,,4,
1118,file_brain_AXT2_208_2080276,,,,4,
1119,file_brain_AXT2_208_2080279,,,,4,
1120,file_brain_AXT2_208_2080290,,,,4,
1121,file_brain_AXT2_208_2080292,,,,6,
1122,file_brain_AXT2_208_2080294,,,,4,
1123,file_brain_AXT2_208_2080305,,,,4,
1124,file_brain_AXT2_208_2080307,,,,4,
1125,file_brain_AXT2_208_2080309,,,,4,
1126,file_brain_AXT2_208_2080325,,,,4,
1127,file_brain_AXT2_208_2080349,,,,4,
1128,file_brain_AXT2_208_2080355,,,,5,
1129,file_brain_AXT2_208_2080358,,,,4,
1130,file_brain_AXT2_208_2080366,,,,4,
1131,file_brain_AXT2_208_2080372,,,,4,
1132,file_brain_AXT2_208_2080381,,,,4,
1133,file_brain_AXT2_208_2080384,,,,4,
1134,file_brain_AXT2_208_2080387,,,,4,
1135,file_brain_AXT2_208_2080404,,,,4,
1136,file_brain_AXT2_208_2080424,,,,4,
1137,file_brain_AXT2_208_2080441,,,,4,
1138,file_brain_AXT2_208_2080448,,,,4,
1139,file_brain_AXT2_208_2080452,,,,4,
1140,file_brain_AXT2_208_2080454,,,,4,
1141,file_brain_AXT2_208_2080461,,,,4,
1142,file_brain_AXT2_208_2080465,,,,4,
1143,file_brain_AXT2_208_2080472,,,,4,
1144,file_brain_AXT2_208_2080483,,,,4,
1145,file_brain_AXT2_208_2080492,,,,4,
1146,file_brain_AXT2_208_2080500,,,,4,
1147,file_brain_AXT2_208_2080508,,,,5,
1148,file_brain_AXT2_208_2080539,,,,4,
1149,file_brain_AXT2_208_2080540,,,,4,
1150,file_brain_AXT2_208_2080541,,,,4,
1151,file_brain_AXT2_208_2080542,,,,4,
1152,file_brain_AXT2_208_2080544,,,,4,
1153,file_brain_AXT2_208_2080548,,,,6,
1154,file_brain_AXT2_208_2080555,,,,4,
1155,file_brain_AXT2_208_2080557,,,,4,
1156,file_brain_AXT2_208_2080564,,,,4,
1157,file_brain_AXT2_208_2080571,,,,4,
1158,file_brain_AXT2_208_2080572,,,,4,
1159,file_brain_AXT2_208_2080575,,,,4,
1160,file_brain_AXT2_208_2080577,,,,4,
1161,file_brain_AXT2_208_2080580,,,,4,
1162,file_brain_AXT2_208_2080592,,,,4,
1163,file_brain_AXT2_208_2080596,,,,4,
1164,file_brain_AXT2_208_2080602,,,,4,
1165,file_brain_AXT2_208_2080605,,,,4,
1166,file_brain_AXT2_208_2080610,,,,4,
1167,file_brain_AXT2_208_2080612,,,,4,
1168,file_brain_AXT2_208_2080622,,,,4,
1169,file_brain_AXT2_208_2080628,,,,4,
1170,file_brain_AXT2_208_2080631,,,,4,
1171,file_brain_AXT2_208_2080633,,,,4,
1172,file_brain_AXT2_208_2080648,,,,6,
1173,file_brain_AXT2_208_2080657,,,,4,
1174,file_brain_AXT2_208_2080670,,,,4,
1175,file_brain_AXT2_208_2080672,,,,4,
1176,file_brain_AXT2_208_2080688,,,,4,
1177,file_brain_AXT2_208_2080693,,,,4,
1178,file_brain_AXT2_208_2080694,,,,4,
1179,file_brain_AXT2_208_2080697,,,,4,
1180,file_brain_AXT2_208_2080709,,,,4,
1181,file_brain_AXT2_208_2080717,,,,5,
1182,file_brain_AXT2_208_2080724,,,,6,
1183,file_brain_AXT2_208_2080729,,,,4,
1184,file_brain_AXT2_209_2090004,,,,14,
1185,file_brain_AXT2_209_2090007,,,,14,
1186,file_brain_AXT2_209_2090009,,,,14,
1187,file_brain_AXT2_209_2090018,,,,14,
1188,file_brain_AXT2_209_2090023,,,,14,
1189,file_brain_AXT2_209_2090034,,,,14,
1190,file_brain_AXT2_209_2090039,,,,14,
1191,file_brain_AXT2_209_2090042,,,,14,
1192,file_brain_AXT2_209_2090058,,,,12,
1193,file_brain_AXT2_209_2090060,,,,14,
1194,file_brain_AXT2_209_2090075,,,,14,
1195,file_brain_AXT2_209_2090098,,,,14,
1196,file_brain_AXT2_209_2090103,,,,14,
1197,file_brain_AXT2_209_2090105,,,,14,
1198,file_brain_AXT2_209_2090112,,,,12,
1199,file_brain_AXT2_209_2090114,,,,12,
1200,file_brain_AXT2_209_2090127,,,,14,
1201,file_brain_AXT2_209_2090142,,,,14,
1202,file_brain_AXT2_209_2090148,,,,14,
1203,file_brain_AXT2_209_2090152,,,,14,
1204,file_brain_AXT2_209_2090154,,,,14,
1205,file_brain_AXT2_209_2090161,,,,14,
1206,file_brain_AXT2_209_2090178,,,,12,
1207,file_brain_AXT2_209_2090180,,,,16,
1208,file_brain_AXT2_209_2090188,,,,14,
1209,file_brain_AXT2_209_2090191,,,,14,
1210,file_brain_AXT2_209_2090204,,,,14,
1211,file_brain_AXT2_209_2090209,,,,12,
1212,file_brain_AXT2_209_2090229,,,,16,
1213,file_brain_AXT2_209_2090235,,,,14,
1214,file_brain_AXT2_209_2090237,,,,14,
1215,file_brain_AXT2_209_2090247,,,,14,
1216,file_brain_AXT2_209_2090253,,,,14,
1217,file_brain_AXT2_209_2090265,,,,14,
1218,file_brain_AXT2_209_2090272,,,,14,
1219,file_brain_AXT2_209_2090275,,,,14,
1220,file_brain_AXT2_209_2090277,,,,14,
1221,file_brain_AXT2_209_2090293,,,,12,
1222,file_brain_AXT2_209_2090296,,,,14,
1223,file_brain_AXT2_209_2090301,,,,14,
1224,file_brain_AXT2_209_2090323,,,,14,
1225,file_brain_AXT2_209_2090330,,,,12,
1226,file_brain_AXT2_209_2090346,,,,14,
1227,file_brain_AXT2_209_2090365,,,,14,
1228,file_brain_AXT2_209_2090371,,,,14,
1229,file_brain_AXT2_209_2090382,,,,14,
1230,file_brain_AXT2_209_2090391,,,,14,
1231,file_brain_AXT2_209_2090399,,,,14,
1232,file_brain_AXT2_209_2090403,,,,14,
1233,file_brain_AXT2_209_2090415,,,,12,
1234,file_brain_AXT2_209_2090419,,,,14,
1235,file_brain_AXT2_209_6000974,,,,14,
1236,file_brain_AXT2_209_6000976,,,,14,
1237,file_brain_AXT2_209_6000992,,,,14,
1238,file_brain_AXT2_209_6000993,,,,16,
1239,file_brain_AXT2_209_6000999,,,,14,
1240,file_brain_AXT2_209_6001008,,,,14,
1241,file_brain_AXT2_209_6001037,,,,16,
1242,file_brain_AXT2_209_6001042,,,,14,
1243,file_brain_AXT2_209_6001045,,,,12,
1244,file_brain_AXT2_209_6001048,,,,14,
1245,file_brain_AXT2_209_6001066,,,,14,
1246,file_brain_AXT2_209_6001069,,,,14,
1247,file_brain_AXT2_209_6001075,,,,14,
1248,file_brain_AXT2_209_6001085,,,,12,
1249,file_brain_AXT2_209_6001098,,,,12,
1250,file_brain_AXT2_209_6001104,,,,16,
1251,file_brain_AXT2_209_6001107,,,,12,
1252,file_brain_AXT2_209_6001112,,,,14,
1253,file_brain_AXT2_209_6001121,,,,12,
1254,file_brain_AXT2_209_6001125,,,,12,
1255,file_brain_AXT2_209_6001136,,,,14,
1256,file_brain_AXT2_209_6001157,,,,12,
1257,file_brain_AXT2_209_6001160,,,,14,
1258,file_brain_AXT2_209_6001164,,,,12,
1259,file_brain_AXT2_209_6001169,,,,14,
1260,file_brain_AXT2_209_6001170,,,,14,
1261,file_brain_AXT2_209_6001180,,,,14,
1262,file_brain_AXT2_209_6001181,,,,14,
1263,file_brain_AXT2_209_6001197,,,,12,
1264,file_brain_AXT2_209_6001211,,,,14,
1265,file_brain_AXT2_209_6001218,,,,12,
1266,file_brain_AXT2_209_6001237,,,,12,
1267,file_brain_AXT2_209_6001260,,,,12,
1268,file_brain_AXT2_209_6001271,,,,12,
1269,file_brain_AXT2_209_6001276,,,,12,
1270,file_brain_AXT2_209_6001277,,,,12,
1271,file_brain_AXT2_209_6001280,,,,12,
1272,file_brain_AXT2_209_6001281,,,,14,
1273,file_brain_AXT2_209_6001303,,,,12,
1274,file_brain_AXT2_209_6001306,,,,14,
1275,file_brain_AXT2_209_6001308,,,,14,
1276,file_brain_AXT2_209_6001318,,,,14,
1277,file_brain_AXT2_209_6001322,,,,16,
1278,file_brain_AXT2_209_6001331,,,,12,
1279,file_brain_AXT2_209_6001341,,,,14,
1280,file_brain_AXT2_209_6001343,,,,14,
1281,file_brain_AXT2_209_6001350,,,,16,
1282,file_brain_AXT2_209_6001361,,,,14,
1283,file_brain_AXT2_209_6001410,,,,16,
1284,file_brain_AXT2_209_6001422,,,,14,
1285,file_brain_AXT2_209_6001433,,,,12,
1286,file_brain_AXT2_209_6001438,,,,14,
1287,file_brain_AXT2_209_6001452,,,,14,
1288,file_brain_AXT2_209_6001462,,,,16,
1289,file_brain_AXT2_209_6001464,,,,14,
1290,file_brain_AXT2_209_6001469,,,,14,
1291,file_brain_AXT2_209_6001472,,,,12,
1292,file_brain_AXT2_209_6001477,,,,16,
1293,file_brain_AXT2_210_2100014,,,,16,
1294,file_brain_AXT2_210_2100019,,,,16,
1295,file_brain_AXT2_210_2100021,,,,16,
1296,file_brain_AXT2_210_2100025,0,,,20,Bit MA but Sharp
1297,file_brain_AXT2_210_2100027,,,,16,
1298,file_brain_AXT2_210_2100028,,,,16,
1299,file_brain_AXT2_210_2100039,0,,,20,
1300,file_brain_AXT2_210_2100054,,,,16,
1301,file_brain_AXT2_210_2100065,,,,16,
1302,file_brain_AXT2_210_2100072,1,,,20,Bit MA
1303,file_brain_AXT2_210_2100073,,,,16,
1304,file_brain_AXT2_210_2100074,,,,16,
1305,file_brain_AXT2_210_2100085,0,,,20,
1306,file_brain_AXT2_210_2100103,,,,16,
1307,file_brain_AXT2_210_2100109,,,,16,
1308,file_brain_AXT2_210_2100123,,,,16,
1309,file_brain_AXT2_210_2100125,,,,16,
1310,file_brain_AXT2_210_2100130,,,,16,
1311,file_brain_AXT2_210_2100132,,,,16,
1312,file_brain_AXT2_210_2100141,1,,,20,MA
1313,file_brain_AXT2_210_2100154,,,,16,
1314,file_brain_AXT2_210_2100159,,,,16,
1315,file_brain_AXT2_210_2100171,,,,16,
1316,file_brain_AXT2_210_2100189,0,,,20,
1317,file_brain_AXT2_210_2100190,,,,16,
1318,file_brain_AXT2_210_2100192,,,,16,
1319,file_brain_AXT2_210_2100209,,,,16,
1320,file_brain_AXT2_210_2100212,,,,16,
1321,file_brain_AXT2_210_2100218,0,,,20,
1322,file_brain_AXT2_210_2100228,0,,,20,
1323,file_brain_AXT2_210_2100230,,,,16,
1324,file_brain_AXT2_210_2100248,1,,,20,Bit MA and Noisy
1325,file_brain_AXT2_210_2100261,,,,16,
1326,file_brain_AXT2_210_2100263,0,,,20,
1327,file_brain_AXT2_210_2100265,,,,16,
1328,file_brain_AXT2_210_2100273,,,,16,
1329,file_brain_AXT2_210_2100286,0,,,20,
1330,file_brain_AXT2_210_2100315,1,,,20,MA
1331,file_brain_AXT2_210_2100318,1,,,20,Bit MA
1332,file_brain_AXT2_210_2100327,0,,,20,
1333,file_brain_AXT2_210_2100329,,,,16,
1334,file_brain_AXT2_210_2100386,,,,16,
1335,file_brain_AXT2_210_2100391,,,,16,
1336,file_brain_AXT2_210_2100392,0,,,20,
1337,file_brain_AXT2_210_2100395,,,,16,
1338,file_brain_AXT2_210_6001486,,,,16,
1339,file_brain_AXT2_210_6001498,,,,16,
1340,file_brain_AXT2_210_6001500,,,,16,
1341,file_brain_AXT2_210_6001501,,,,16,
1342,file_brain_AXT2_210_6001540,,,,16,
1343,file_brain_AXT2_210_6001542,0,,,20,
1344,file_brain_AXT2_210_6001556,,,,16,
1345,file_brain_AXT2_210_6001568,,,,16,
1346,file_brain_AXT2_210_6001570,,,,16,
1347,file_brain_AXT2_210_6001575,1,,,20,Bit MA and Dark
1348,file_brain_AXT2_210_6001578,0,,,20,
1349,file_brain_AXT2_210_6001599,0,,,20,
1350,file_brain_AXT2_210_6001600,,,,16,
1351,file_brain_AXT2_210_6001610,0,,,20,
1352,file_brain_AXT2_210_6001621,,,,16,
1353,file_brain_AXT2_210_6001627,,,,18,
1354,file_brain_AXT2_210_6001632,0,,,20,
1355,file_brain_AXT2_210_6001636,,,,16,
1356,file_brain_AXT2_210_6001650,,,,16,
1357,file_brain_AXT2_210_6001654,,,,16,
1358,file_brain_AXT2_210_6001670,0,,,20,
1359,file_brain_AXT2_210_6001679,,,,16,
1360,file_brain_AXT2_210_6001688,,,,16,
1361,file_brain_AXT2_210_6001745,,,,16,
1362,file_brain_AXT2_210_6001768,0,,,20,
1363,file_brain_AXT2_210_6001793,,,,16,
1364,file_brain_AXT2_210_6001801,,,,16,
1365,file_brain_AXT2_210_6001805,0,,,20,
1366,file_brain_AXT2_210_6001813,1,,,20,MA
1367,file_brain_AXT2_210_6001817,0,,,20,
1368,file_brain_AXT2_210_6001822,0,,,20,
1369,file_brain_AXT2_210_6001842,,,,16,
1370,file_brain_AXT2_210_6001851,0,,,20,
1371,file_brain_AXT2_210_6001856,1,,,20,Bit MA
1372,file_brain_AXT2_210_6001858,,,,16,
1373,file_brain_AXT2_210_6001879,0,,,20,
1374,file_brain_AXT2_210_6001888,,,,16,
1375,file_brain_AXT2_210_6001894,,,,16,
1376,file_brain_AXT2_210_6001922,0,,,20,
1377,file_brain_AXT2_210_6001947,,,,16,
1377,AXT2-AXT1-AXT1PRE-AXT1POST-AXFLAIR,,,,,